{"cameraMode":{"drawMode":0,"name":"Shaded","section":"Shading Mode"},"sceneLighting":false,"audioPlay":false,"sceneViewState":{"showFog":true,"showMaterialUpdate":false,"showSkybox":false,"showFlares":true,"showImageEffects":true,"showParticleSystems":true},"in2DMode":false,"pivot":{"x":8.64836597442627,"y":6.675870895385742,"z":-0.8484029769897461},"rotation":{"x":0.5279779434204102,"y":0.16086983680725099,"z":-0.10263606905937195,"w":0.8275424838066101},"size":7.146799564361572,"orthographic":false}