{"cameraMode":{"drawMode":0,"name":"Shaded","section":"Shading Mode"},"sceneLighting":false,"audioPlay":false,"sceneViewState":{"showFog":true,"showMaterialUpdate":false,"showSkybox":false,"showFlares":true,"showImageEffects":true,"showParticleSystems":true},"in2DMode":false,"pivot":{"x":1.8796414136886597,"y":3.070742607116699,"z":0.13754844665527345},"rotation":{"x":0.24440953135490418,"y":0.3381699323654175,"z":-0.09141063690185547,"w":0.9041851162910461},"size":2.2820088863372804,"orthographic":false}