{"cameraMode":{"drawMode":0,"name":"Shaded","section":"Shading Mode"},"sceneLighting":false,"audioPlay":false,"sceneViewState":{"showFog":true,"showMaterialUpdate":false,"showSkybox":false,"showFlares":true,"showImageEffects":true,"showParticleSystems":true},"in2DMode":false,"pivot":{"x":2.851184844970703,"y":2.9580798149108888,"z":1.0796070098876954},"rotation":{"x":0.0590912401676178,"y":0.5688451528549194,"z":-0.04102780297398567,"w":0.8192934989929199},"size":1.8210716247558594,"orthographic":false}