{"cameraMode":{"drawMode":0,"name":"Shaded","section":"Shading Mode"},"sceneLighting":true,"audioPlay":false,"sceneViewState":{"showFog":true,"showMaterialUpdate":false,"showSkybox":true,"showFlares":true,"showImageEffects":true,"showParticleSystems":true},"in2DMode":false,"pivot":{"x":5.309967517852783,"y":2.6248273849487306,"z":3.849308967590332},"rotation":{"x":0.21316631138324738,"y":0.3551853597164154,"z":-0.08353891223669052,"w":0.906326949596405},"size":7.919438362121582,"orthographic":false}