{"cameraMode":{"drawMode":0,"name":"Shaded","section":"Shading Mode"},"sceneLighting":true,"audioPlay":false,"sceneViewState":{"showFog":true,"showMaterialUpdate":false,"showSkybox":true,"showFlares":true,"showImageEffects":true,"showParticleSystems":true},"in2DMode":false,"pivot":{"x":-170.00625610351563,"y":58.98724365234375,"z":319.4803466796875},"rotation":{"x":0.40658846497535708,"y":0.24440978467464448,"z":-0.11384094506502152,"w":0.8729206919670105},"size":511.4072570800781,"orthographic":false}