{"cameraMode":{"drawMode":0,"name":"Shaded","section":"Shading Mode"},"sceneLighting":false,"audioPlay":false,"sceneViewState":{"showFog":true,"showMaterialUpdate":false,"showSkybox":false,"showFlares":true,"showImageEffects":true,"showParticleSystems":true},"in2DMode":false,"pivot":{"x":3.0671164989471437,"y":3.6118717193603517,"z":-0.6417484283447266},"rotation":{"x":0.11723221093416214,"y":0.4506233036518097,"z":-0.0598301962018013,"w":0.8829586505889893},"size":3.8463704586029054,"orthographic":false}