{"cameraMode":{"drawMode":0,"name":"Shaded","section":"Shading Mode"},"sceneLighting":true,"audioPlay":false,"sceneViewState":{"showFog":true,"showMaterialUpdate":false,"showSkybox":true,"showFlares":true,"showImageEffects":true,"showParticleSystems":true},"in2DMode":false,"pivot":{"x":0.3048069477081299,"y":7.720559120178223,"z":-3.4877800941467287},"rotation":{"x":0.3696713447570801,"y":0.39427077770233157,"z":-0.17720629274845124,"w":0.8224937915802002},"size":3.554161548614502,"orthographic":false}