{"cameraMode":{"drawMode":0,"name":"Shaded","section":"Shading Mode"},"sceneLighting":false,"audioPlay":false,"sceneViewState":{"showFog":true,"showMaterialUpdate":false,"showSkybox":false,"showFlares":true,"showImageEffects":true,"showParticleSystems":true},"in2DMode":false,"pivot":{"x":2.404611587524414,"y":3.739318370819092,"z":-0.7404327392578125},"rotation":{"x":-0.18882374465465547,"y":-0.5548123717308044,"z":0.13101696968078614,"w":-0.7996041178703308},"size":3.895451307296753,"orthographic":false}