{"cameraMode":{"drawMode":0,"name":"Shaded","section":"Shading Mode"},"sceneLighting":false,"audioPlay":false,"sceneViewState":{"showFog":true,"showMaterialUpdate":false,"showSkybox":false,"showFlares":true,"showImageEffects":true,"showParticleSystems":true},"in2DMode":false,"pivot":{"x":-0.24055218696594239,"y":1.9205036163330079,"z":-0.010146379470825196},"rotation":{"x":0.10625807195901871,"y":-0.8592531085014343,"z":0.1988314688205719,"w":0.4591945707798004},"size":2.7822070121765138,"orthographic":false}