{"cameraMode":{"drawMode":0,"name":"Shaded","section":"Shading Mode"},"sceneLighting":false,"audioPlay":false,"sceneViewState":{"showFog":true,"showMaterialUpdate":false,"showSkybox":false,"showFlares":true,"showImageEffects":true,"showParticleSystems":true},"in2DMode":false,"pivot":{"x":13.1254243850708,"y":-2.7650957107543947,"z":6.8160600662231449},"rotation":{"x":0.17769800126552583,"y":0.5294091701507568,"z":-0.11450114101171494,"w":0.8216081857681274},"size":13.779370307922364,"orthographic":false}