{"cameraMode":{"drawMode":0,"name":"Shaded","section":"Shading Mode"},"sceneLighting":false,"audioPlay":false,"sceneViewState":{"showFog":true,"showMaterialUpdate":false,"showSkybox":false,"showFlares":true,"showImageEffects":true,"showParticleSystems":true},"in2DMode":false,"pivot":{"x":1.74383544921875,"y":1.661376953125,"z":2.13653564453125},"rotation":{"x":0.4953598082065582,"y":0.25387197732925417,"z":-0.15404757857322694,"w":0.8163601756095886},"size":1.1371674537658692,"orthographic":true}