{"cameraMode":{"drawMode":0,"name":"Shaded","section":"Shading Mode"},"sceneLighting":false,"audioPlay":false,"sceneViewState":{"showFog":true,"showMaterialUpdate":false,"showSkybox":false,"showFlares":true,"showImageEffects":true,"showParticleSystems":true},"in2DMode":false,"pivot":{"x":-0.44761180877685549,"y":4.335197448730469,"z":-5.960883140563965},"rotation":{"x":-0.18882374465465547,"y":-0.5548123717308044,"z":0.13101696968078614,"w":-0.7996041178703308},"size":5.612485885620117,"orthographic":false}