{"cameraMode":{"drawMode":0,"name":"Shaded","section":"Shading Mode"},"sceneLighting":false,"audioPlay":false,"sceneViewState":{"showFog":true,"showMaterialUpdate":false,"showSkybox":false,"showFlares":true,"showImageEffects":true,"showParticleSystems":true},"in2DMode":false,"pivot":{"x":13.953712463378907,"y":-3.3541083335876467,"z":4.344092845916748},"rotation":{"x":0.17769800126552583,"y":0.5294091701507568,"z":-0.11450114101171494,"w":0.8216081857681274},"size":9.982813835144043,"orthographic":false}