{"cameraMode":{"drawMode":0,"name":"Shaded","section":"Shading Mode"},"sceneLighting":true,"audioPlay":false,"sceneViewState":{"showFog":true,"showMaterialUpdate":false,"showSkybox":true,"showFlares":true,"showImageEffects":true,"showParticleSystems":true},"in2DMode":false,"pivot":{"x":88.55427551269531,"y":-67.7845458984375,"z":38.05783462524414},"rotation":{"x":0.2875896394252777,"y":0.43317240476608279,"z":-0.14808055758476258,"w":0.8412669897079468},"size":92.31673431396485,"orthographic":false}