{"cameraMode":{"drawMode":0,"name":"Shaded","section":"Shading Mode"},"sceneLighting":true,"audioPlay":false,"sceneViewState":{"showFog":true,"showMaterialUpdate":false,"showSkybox":true,"showFlares":true,"showImageEffects":true,"showParticleSystems":true},"in2DMode":false,"pivot":{"x":0.04047796130180359,"y":5.633108139038086,"z":5.21540641784668e-8},"rotation":{"x":0.11647874116897583,"y":0.3439696729183197,"z":-0.043046750128269199,"w":0.930733859539032},"size":17.547590255737306,"orthographic":false}