{"cameraMode":{"drawMode":0,"name":"Shaded","section":"Shading Mode"},"sceneLighting":false,"audioPlay":false,"sceneViewState":{"showFog":true,"showMaterialUpdate":false,"showSkybox":false,"showFlares":true,"showImageEffects":true,"showParticleSystems":true},"in2DMode":false,"pivot":{"x":0.2437593936920166,"y":4.288541316986084,"z":0.17887258529663087},"rotation":{"x":0.018611526116728784,"y":0.40904515981674197,"z":-0.008344864472746849,"w":0.912286639213562},"size":1.5838301181793213,"orthographic":false}