{"cameraMode":{"drawMode":0,"name":"Shaded","section":"Shading Mode"},"sceneLighting":false,"audioPlay":false,"sceneViewState":{"showFog":true,"showMaterialUpdate":false,"showSkybox":false,"showFlares":true,"showImageEffects":true,"showParticleSystems":true},"in2DMode":false,"pivot":{"x":0.8424462080001831,"y":4.916008472442627,"z":-1.09323251247406},"rotation":{"x":0.29551440477371218,"y":0.5250520706176758,"z":-0.2008737176656723,"w":0.7724284529685974},"size":4.582226753234863,"orthographic":false}