{"cameraMode":{"drawMode":0,"name":"Shaded","section":"Shading Mode"},"sceneLighting":false,"audioPlay":false,"sceneViewState":{"showFog":true,"showMaterialUpdate":false,"showSkybox":false,"showFlares":true,"showImageEffects":true,"showParticleSystems":true},"in2DMode":false,"pivot":{"x":0.23531973361968995,"y":3.0045626163482668,"z":0.10955542325973511},"rotation":{"x":0.018611526116728784,"y":0.40904515981674197,"z":-0.008344864472746849,"w":0.912286639213562},"size":0.6838300228118897,"orthographic":false}