{"cameraMode":{"drawMode":0,"name":"Shaded","section":"Shading Mode"},"sceneLighting":false,"audioPlay":false,"sceneViewState":{"showFog":true,"showMaterialUpdate":false,"showSkybox":false,"showFlares":true,"showImageEffects":true,"showParticleSystems":true},"in2DMode":false,"pivot":{"x":0.7661952972412109,"y":4.07565450668335,"z":-4.366930961608887},"rotation":{"x":0.3136764168739319,"y":0.2977790832519531,"z":-0.10429712384939194,"w":0.895577073097229},"size":6.3021039962768559,"orthographic":false}