{"cameraMode":{"drawMode":0,"name":"Shaded","section":"Shading Mode"},"sceneLighting":false,"audioPlay":false,"sceneViewState":{"showFog":true,"showMaterialUpdate":false,"showSkybox":false,"showFlares":true,"showImageEffects":true,"showParticleSystems":true},"in2DMode":false,"pivot":{"x":4.325849533081055,"y":4.952696800231934,"z":-1.039320945739746},"rotation":{"x":0.35482484102249148,"y":0.3914184868335724,"z":-0.1668275147676468,"w":0.8325039744377136},"size":5.787918567657471,"orthographic":false}