{"cameraMode":{"drawMode":0,"name":"Shaded","section":"Shading Mode"},"sceneLighting":false,"audioPlay":false,"sceneViewState":{"showFog":true,"showMaterialUpdate":false,"showSkybox":false,"showFlares":true,"showImageEffects":true,"showParticleSystems":true},"in2DMode":false,"pivot":{"x":2.877851963043213,"y":4.404128074645996,"z":-2.3558425903320314},"rotation":{"x":0.14874951541423798,"y":0.4591386020183563,"z":-0.07829346507787705,"w":0.8723165988922119},"size":6.061140060424805,"orthographic":false}