{"cameraMode":{"drawMode":0,"name":"Shaded","section":"Shading Mode"},"sceneLighting":true,"audioPlay":false,"sceneViewState":{"showFog":true,"showMaterialUpdate":false,"showSkybox":true,"showFlares":true,"showImageEffects":true,"showParticleSystems":true},"in2DMode":false,"pivot":{"x":189.95965576171876,"y":170.59237670898438,"z":32.045806884765628},"rotation":{"x":0.2875896394252777,"y":0.43317240476608279,"z":-0.14808055758476258,"w":0.8412669897079468},"size":146.8252716064453,"orthographic":false}