{"cameraMode":{"drawMode":0,"name":"Shaded","section":"Shading Mode"},"sceneLighting":false,"audioPlay":false,"sceneViewState":{"showFog":true,"showMaterialUpdate":false,"showSkybox":false,"showFlares":true,"showImageEffects":true,"showParticleSystems":true},"in2DMode":false,"pivot":{"x":0.48606204986572268,"y":3.9733712673187258,"z":1.0986435413360596},"rotation":{"x":0.13237035274505616,"y":0.659825325012207,"z":-0.1196577399969101,"w":0.7299252152442932},"size":1.1309428215026856,"orthographic":false}