{"cameraMode":{"drawMode":0,"name":"Shaded","section":"Shading Mode"},"sceneLighting":false,"audioPlay":false,"sceneViewState":{"showFog":true,"showMaterialUpdate":false,"showSkybox":false,"showFlares":true,"showImageEffects":true,"showParticleSystems":true},"in2DMode":false,"pivot":{"x":3.5705838203430177,"y":3.930734634399414,"z":-0.5890359878540039},"rotation":{"x":0.35482484102249148,"y":0.3914184868335724,"z":-0.1668275147676468,"w":0.8325039744377136},"size":5.223723888397217,"orthographic":false}