{"cameraMode":{"drawMode":0,"name":"Shaded","section":"Shading Mode"},"sceneLighting":false,"audioPlay":false,"sceneViewState":{"showFog":true,"showMaterialUpdate":false,"showSkybox":false,"showFlares":true,"showImageEffects":true,"showParticleSystems":true},"in2DMode":false,"pivot":{"x":2.776315927505493,"y":2.4701290130615236,"z":0.21786564588546754},"rotation":{"x":-0.18882374465465547,"y":-0.5548123717308044,"z":0.13101696968078614,"w":-0.7996041178703308},"size":1.8247449398040772,"orthographic":false}