{"cameraMode":{"drawMode":0,"name":"Shaded","section":"Shading Mode"},"sceneLighting":true,"audioPlay":false,"sceneViewState":{"showFog":true,"showMaterialUpdate":false,"showSkybox":true,"showFlares":true,"showImageEffects":true,"showParticleSystems":true},"in2DMode":false,"pivot":{"x":101.37069702148438,"y":-57.519432067871097,"z":33.77921676635742},"rotation":{"x":0.2875896394252777,"y":0.43317240476608279,"z":-0.14808055758476258,"w":0.8412669897079468},"size":64.91574096679688,"orthographic":false}