{"cameraMode":{"drawMode":0,"name":"Shaded","section":"Shading Mode"},"sceneLighting":false,"audioPlay":false,"sceneViewState":{"showFog":true,"showMaterialUpdate":false,"showSkybox":false,"showFlares":true,"showImageEffects":true,"showParticleSystems":true},"in2DMode":false,"pivot":{"x":10.806593894958496,"y":-3.8244242668151857,"z":6.34736967086792},"rotation":{"x":-0.21709541976451875,"y":-0.3780861496925354,"z":0.091682568192482,"w":-0.8952749967575073},"size":11.089126586914063,"orthographic":false}